{
  "kind": "collectionType",
  "collectionName": "articles",
  "info": {
    "singularName": "article",
    "pluralName": "articles",
    "displayName": "Article"
  },
  "options": {
    "draftAndPublish": true
  },
  "attributes": {
    "title": {
      "type": "string",
      "required": true
    },
    "slug": {
      "type": "uid",
      "targetField": "title",
      "required": true
    },
    "excerpt": {
      "type": "text"
    },
    "content": {
      "type": "richtext"
    },
    "image": {
      "type": "media",
      "multiple": false
    },
    "publishAt": {
      "type": "datetime"
    },
    "tag": {
      "type": "string"
    },
    "category": {
      "type": "relation",
      "relation": "oneToOne",
      "target": "api::rubrique.rubrique"
    },
    "author": {
      "type": "relation",
      "relation": "oneToOne",
      "target": "api::auteur.auteur"
    },
    "country": {
      "type": "enumeration",
      "enum": [
        "gabon",
        "cameroun",
        "rdc",
        "congo",
        "senegal",
        "cotedivoire",
        "nigeria",
        "france"
      ]
    }
  }
}