{
  "kind": "singleType",
  "collectionName": "edito",
  "info": {
    "singularName": "edito",
    "pluralName": "edito",
    "displayName": "Édito"
  },
  "options": {
    "draftAndPublish": true
  },
  "attributes": {
    "title": {
      "type": "string",
      "required": true
    },
    "content": {
      "type": "richtext"
    },
    "publishAt": {
      "type": "datetime"
    },
    "author": {
      "type": "relation",
      "relation": "oneToOne",
      "target": "api::auteur.auteur"
    }
  }
}