{
  "kind": "collectionType",
  "collectionName": "episodes",
  "info": {
    "singularName": "episode",
    "pluralName": "episodes",
    "displayName": "Épisode"
  },
  "options": {
    "draftAndPublish": true
  },
  "attributes": {
    "title": {
      "type": "string",
      "required": true
    },
    "number": {
      "type": "integer"
    },
    "excerpt": {
      "type": "text"
    },
    "content": {
      "type": "richtext"
    },
    "image": {
      "type": "media",
      "multiple": false
    },
    "publishAt": {
      "type": "datetime"
    }
  }
}